"Enterprise","Company","Contract"
"e1cib/data/Catalog.Enterprises?refName=Main","e1cib/data/Catalog.Companies?ref=acfc00d8612fc14e11eded9803a2688e","e1cib/data/Catalog.Contracts?ref=acff00d8612fc14e11edfafb61ef4248"
"e1cib/data/Catalog.Enterprises?refName=Main","e1cib/data/Catalog.Companies?ref=acfd00d8612fc14e11edef1b149fba9f","e1cib/data/Catalog.Contracts?ref=acff00d8612fc14e11edfafb61ef4249"
"e1cib/data/Catalog.Enterprises?refName=Main","e1cib/data/Catalog.Companies?ref=ad0000d8612fc14e11edfef47be80bde","e1cib/data/Catalog.Contracts?ref=ad0000d8612fc14e11edfef47be80bdf"
"e1cib/data/Catalog.Enterprises?refName=Main","e1cib/data/Catalog.Companies?ref=ad0000d8612fc14e11edfef47be80be0","e1cib/data/Catalog.Contracts?ref=ad0000d8612fc14e11edfef47be80be1"
"e1cib/data/Catalog.Enterprises?refName=Main","e1cib/data/Catalog.Companies?ref=ad0100d8612fc14e11ee0538aab5eca4","e1cib/data/Catalog.Contracts?ref=ad0100d8612fc14e11ee0538aab5eca5"
"e1cib/data/Catalog.Enterprises?refName=Main","e1cib/data/Catalog.Companies?ref=b84bdafc0b2e4ecb11ee0a8a760110bd","e1cib/data/Catalog.Contracts?ref=b84bdafc0b2e4ecb11ee0a8533f5aadb"
"e1cib/data/Catalog.Enterprises?refName=Main","e1cib/data/Catalog.Companies?ref=b85af4a475f92bac11ee2f757c24175c","e1cib/data/Catalog.Contracts?ref=b85af4a475f92bac11ee2f757c24175d"
"e1cib/data/Catalog.Enterprises?refName=Main","e1cib/data/Catalog.Companies?ref=b85af4a475f92bac11ee3293dba9477c","e1cib/data/Catalog.Contracts?ref=b85af4a475f92bac11ee32cbb62d7680"
"e1cib/data/Catalog.Enterprises?refName=Main","e1cib/data/Catalog.Companies?ref=b85af4a475f92bac11ee3293dba9477d","e1cib/data/Catalog.Contracts?ref=b85af4a475f92bac11ee32cbb62d767f"
